"filename", "language", "Kotlinscript", "Properties", "Markdown", "XML", "PowerShell", "Batch", "Kotlin", "comment", "blank", "total"
"d:\code\accessible_dialer\README.md", "Markdown", 0, 0, 62, 0, 0, 0, 0, 0, 14, 76
"d:\code\accessible_dialer\app\build.gradle.kts", "Kotlinscript", 71, 0, 0, 0, 0, 0, 0, 7, 15, 93
"d:\code\accessible_dialer\app\src\main\AndroidManifest.xml", "XML", 0, 0, 0, 105, 0, 0, 0, 37, 10, 152
"d:\code\accessible_dialer\app\src\main\java\com\accessible\dialer\DialerApplication.kt", "Kotlin", 0, 0, 0, 0, 0, 0, 9, 4, 3, 16
"d:\code\accessible_dialer\app\src\main\java\com\accessible\dialer\MainActivity.kt", "Kotlin", 0, 0, 0, 0, 0, 0, 257, 48, 20, 325
"d:\code\accessible_dialer\app\src\main\java\com\accessible\dialer\blocking\BlockedNumbersRepository.kt", "Kotlin", 0, 0, 0, 0, 0, 0, 105, 22, 11, 138
"d:\code\accessible_dialer\app\src\main\java\com\accessible\dialer\blocking\BlockingCallScreeningService.kt", "Kotlin", 0, 0, 0, 0, 0, 0, 43, 34, 7, 84
"d:\code\accessible_dialer\app\src\main\java\com\accessible\dialer\blocking\QuietHours.kt", "Kotlin", 0, 0, 0, 0, 0, 0, 48, 23, 11, 82
"d:\code\accessible_dialer\app\src\main\java\com\accessible\dialer\call\DialerInCallService.kt", "Kotlin", 0, 0, 0, 0, 0, 0, 233, 125, 26, 384
"d:\code\accessible_dialer\app\src\main\java\com\accessible\dialer\call\InCallActivity.kt", "Kotlin", 0, 0, 0, 0, 0, 0, 67, 31, 7, 105
"d:\code\accessible_dialer\app\src\main\java\com\accessible\dialer\call\InCallScreen.kt", "Kotlin", 0, 0, 0, 0, 0, 0, 542, 69, 17, 628
"d:\code\accessible_dialer\app\src\main\java\com\accessible\dialer\call\MissedCallNotifier.kt", "Kotlin", 0, 0, 0, 0, 0, 0, 123, 46, 20, 189
"d:\code\accessible_dialer\app\src\main\java\com\accessible\dialer\call\OngoingCallHolder.kt", "Kotlin", 0, 0, 0, 0, 0, 0, 83, 21, 17, 121
"d:\code\accessible_dialer\app\src\main\java\com\accessible\dialer\call\ProximitySpeakerController.kt", "Kotlin", 0, 0, 0, 0, 0, 0, 44, 13, 8, 65
"d:\code\accessible_dialer\app\src\main\java\com\accessible\dialer\call\RingVolumeKeyInterceptor.kt", "Kotlin", 0, 0, 0, 0, 0, 0, 57, 19, 7, 83
"d:\code\accessible_dialer\app\src\main\java\com\accessible\dialer\call\Ringer.kt", "Kotlin", 0, 0, 0, 0, 0, 0, 121, 27, 12, 160
"d:\code\accessible_dialer\app\src\main\java\com\accessible\dialer\settings\SettingsRepository.kt", "Kotlin", 0, 0, 0, 0, 0, 0, 230, 62, 46, 338
"d:\code\accessible_dialer\app\src\main\java\com\accessible\dialer\ui\DialerApp.kt", "Kotlin", 0, 0, 0, 0, 0, 0, 527, 112, 25, 664
"d:\code\accessible_dialer\app\src\main\java\com\accessible\dialer\ui\blocking\BlockedNumbersScreen.kt", "Kotlin", 0, 0, 0, 0, 0, 0, 181, 0, 9, 190
"d:\code\accessible_dialer\app\src\main\java\com\accessible\dialer\ui\contacts\ContactDetailsScreen.kt", "Kotlin", 0, 0, 0, 0, 0, 0, 1375, 103, 66, 1544
"d:\code\accessible_dialer\app\src\main\java\com\accessible\dialer\ui\contacts\ContactEditorScreen.kt", "Kotlin", 0, 0, 0, 0, 0, 0, 970, 91, 47, 1108
"d:\code\accessible_dialer\app\src\main\java\com\accessible\dialer\ui\contacts\ContactPickerDialog.kt", "Kotlin", 0, 0, 0, 0, 0, 0, 143, 8, 4, 155
"d:\code\accessible_dialer\app\src\main\java\com\accessible\dialer\ui\contacts\ContactsScreen.kt", "Kotlin", 0, 0, 0, 0, 0, 0, 636, 68, 20, 724
"d:\code\accessible_dialer\app\src\main\java\com\accessible\dialer\ui\contacts\ContactsViewModel.kt", "Kotlin", 0, 0, 0, 0, 0, 0, 160, 19, 13, 192
"d:\code\accessible_dialer\app\src\main\java\com\accessible\dialer\ui\contacts\DuplicateDismissals.kt", "Kotlin", 0, 0, 0, 0, 0, 0, 20, 6, 6, 32
"d:\code\accessible_dialer\app\src\main\java\com\accessible\dialer\ui\contacts\DuplicateScanScreen.kt", "Kotlin", 0, 0, 0, 0, 0, 0, 573, 38, 27, 638
"d:\code\accessible_dialer\app\src\main\java\com\accessible\dialer\ui\contacts\NameFixScreen.kt", "Kotlin", 0, 0, 0, 0, 0, 0, 912, 86, 65, 1063
"d:\code\accessible_dialer\app\src\main\java\com\accessible\dialer\ui\contacts\NameNormalizeScreen.kt", "Kotlin", 0, 0, 0, 0, 0, 0, 574, 136, 30, 740
"d:\code\accessible_dialer\app\src\main\java\com\accessible\dialer\ui\dialpad\DialpadScreen.kt", "Kotlin", 0, 0, 0, 0, 0, 0, 615, 117, 28, 760
"d:\code\accessible_dialer\app\src\main\java\com\accessible\dialer\ui\favorites\FavoritesScreen.kt", "Kotlin", 0, 0, 0, 0, 0, 0, 60, 0, 6, 66
"d:\code\accessible_dialer\app\src\main\java\com\accessible\dialer\ui\help\UserGuideScreen.kt", "Kotlin", 0, 0, 0, 0, 0, 0, 106, 8, 7, 121
"d:\code\accessible_dialer\app\src\main\java\com\accessible\dialer\ui\recents\RecentsScreen.kt", "Kotlin", 0, 0, 0, 0, 0, 0, 556, 82, 19, 657
"d:\code\accessible_dialer\app\src\main\java\com\accessible\dialer\ui\recents\RecentsViewModel.kt", "Kotlin", 0, 0, 0, 0, 0, 0, 424, 157, 25, 606
"d:\code\accessible_dialer\app\src\main\java\com\accessible\dialer\ui\settings\AccessibilityScreen.kt", "Kotlin", 0, 0, 0, 0, 0, 0, 145, 4, 8, 157
"d:\code\accessible_dialer\app\src\main\java\com\accessible\dialer\ui\settings\BlockingScreen.kt", "Kotlin", 0, 0, 0, 0, 0, 0, 116, 5, 6, 127
"d:\code\accessible_dialer\app\src\main\java\com\accessible\dialer\ui\settings\CallingScreen.kt", "Kotlin", 0, 0, 0, 0, 0, 0, 130, 5, 7, 142
"d:\code\accessible_dialer\app\src\main\java\com\accessible\dialer\ui\settings\DisplayScreen.kt", "Kotlin", 0, 0, 0, 0, 0, 0, 91, 5, 6, 102
"d:\code\accessible_dialer\app\src\main\java\com\accessible\dialer\ui\settings\RingtonesScreen.kt", "Kotlin", 0, 0, 0, 0, 0, 0, 107, 7, 6, 120
"d:\code\accessible_dialer\app\src\main\java\com\accessible\dialer\ui\settings\SettingsScreen.kt", "Kotlin", 0, 0, 0, 0, 0, 0, 682, 46, 22, 750
"d:\code\accessible_dialer\app\src\main\java\com\accessible\dialer\ui\settings\ToolsScreen.kt", "Kotlin", 0, 0, 0, 0, 0, 0, 139, 11, 6, 156
"d:\code\accessible_dialer\app\src\main\java\com\accessible\dialer\ui\storage\StorageLocationsScreen.kt", "Kotlin", 0, 0, 0, 0, 0, 0, 411, 41, 20, 472
"d:\code\accessible_dialer\app\src\main\java\com\accessible\dialer\ui\theme\Theme.kt", "Kotlin", 0, 0, 0, 0, 0, 0, 58, 3, 6, 67
"d:\code\accessible_dialer\app\src\main\java\com\accessible\dialer\ui\theme\Type.kt", "Kotlin", 0, 0, 0, 0, 0, 0, 15, 1, 3, 19
"d:\code\accessible_dialer\app\src\main\java\com\accessible\dialer\util\ContactAccounts.kt", "Kotlin", 0, 0, 0, 0, 0, 0, 253, 119, 20, 392
"d:\code\accessible_dialer\app\src\main\java\com\accessible\dialer\util\ContactOps.kt", "Kotlin", 0, 0, 0, 0, 0, 0, 300, 59, 21, 380
"d:\code\accessible_dialer\app\src\main\java\com\accessible\dialer\util\ContactPorting.kt", "Kotlin", 0, 0, 0, 0, 0, 0, 170, 31, 19, 220
"d:\code\accessible_dialer\app\src\main\java\com\accessible\dialer\util\DefaultDialer.kt", "Kotlin", 0, 0, 0, 0, 0, 0, 19, 8, 5, 32
"d:\code\accessible_dialer\app\src\main\java\com\accessible\dialer\util\DialerPermissions.kt", "Kotlin", 0, 0, 0, 0, 0, 0, 18, 5, 5, 28
"d:\code\accessible_dialer\app\src\main\java\com\accessible\dialer\util\PhoneAccounts.kt", "Kotlin", 0, 0, 0, 0, 0, 0, 41, 15, 6, 62
"d:\code\accessible_dialer\app\src\main\java\com\accessible\dialer\util\RowActions.kt", "Kotlin", 0, 0, 0, 0, 0, 0, 68, 21, 8, 97
"d:\code\accessible_dialer\app\src\main\java\com\accessible\dialer\util\ShakeDetector.kt", "Kotlin", 0, 0, 0, 0, 0, 0, 53, 19, 10, 82
"d:\code\accessible_dialer\app\src\main\java\com\accessible\dialer\util\UpdateChecker.kt", "Kotlin", 0, 0, 0, 0, 0, 0, 72, 42, 8, 122
"d:\code\accessible_dialer\app\src\main\java\com\accessible\dialer\util\Updater.kt", "Kotlin", 0, 0, 0, 0, 0, 0, 90, 38, 7, 135
"d:\code\accessible_dialer\app\src\main\java\com\accessible\dialer\voice\VoiceSearch.kt", "Kotlin", 0, 0, 0, 0, 0, 0, 131, 46, 22, 199
"d:\code\accessible_dialer\app\src\main\java\com\accessible\dialer\voice\VoiceSearchSheet.kt", "Kotlin", 0, 0, 0, 0, 0, 0, 162, 26, 9, 197
"d:\code\accessible_dialer\app\src\main\res\drawable\ic_launcher_foreground.xml", "XML", 0, 0, 0, 9, 0, 0, 0, 0, 1, 10
"d:\code\accessible_dialer\app\src\main\res\mipmap-anydpi-v26\ic_launcher.xml", "XML", 0, 0, 0, 5, 0, 0, 0, 0, 1, 6
"d:\code\accessible_dialer\app\src\main\res\mipmap-anydpi-v26\ic_launcher_round.xml", "XML", 0, 0, 0, 5, 0, 0, 0, 0, 1, 6
"d:\code\accessible_dialer\app\src\main\res\values-ar\strings.xml", "XML", 0, 0, 0, 168, 0, 0, 0, 13, 27, 208
"d:\code\accessible_dialer\app\src\main\res\values-de\strings.xml", "XML", 0, 0, 0, 172, 0, 0, 0, 2, 27, 201
"d:\code\accessible_dialer\app\src\main\res\values-es\strings.xml", "XML", 0, 0, 0, 168, 0, 0, 0, 2, 27, 197
"d:\code\accessible_dialer\app\src\main\res\values-fr\strings.xml", "XML", 0, 0, 0, 168, 0, 0, 0, 12, 27, 207
"d:\code\accessible_dialer\app\src\main\res\values\colors.xml", "XML", 0, 0, 0, 4, 0, 0, 0, 0, 1, 5
"d:\code\accessible_dialer\app\src\main\res\values\strings.xml", "XML", 0, 0, 0, 560, 0, 0, 0, 31, 49, 640
"d:\code\accessible_dialer\app\src\main\res\values\themes.xml", "XML", 0, 0, 0, 8, 0, 0, 0, 1, 1, 10
"d:\code\accessible_dialer\build.gradle.kts", "Kotlinscript", 4, 0, 0, 0, 0, 0, 0, 0, 1, 5
"d:\code\accessible_dialer\gradle.properties", "Properties", 0, 4, 0, 0, 0, 0, 0, 0, 1, 5
"d:\code\accessible_dialer\gradle\wrapper\gradle-wrapper.properties", "Properties", 0, 7, 0, 0, 0, 0, 0, 0, 1, 8
"d:\code\accessible_dialer\gradlew.bat", "Batch", 0, 0, 0, 0, 0, 41, 0, 30, 22, 93
"d:\code\accessible_dialer\scripts\run-and-tail.ps1", "PowerShell", 0, 0, 0, 0, 22, 0, 0, 2, 5, 29
"d:\code\accessible_dialer\settings.gradle.kts", "Kotlinscript", 16, 0, 0, 0, 0, 0, 0, 0, 2, 18
"d:\code\accessible_dialer\ui.xml", "XML", 0, 0, 0, 1, 0, 0, 0, 0, 0, 1
"Total", "-", 91, 11, 62, 1373, 22, 41, 13065, 2269, 1072, 18006